{"cameraMode":{"drawMode":0,"name":"Shaded","section":"Shading Mode"},"sceneLighting":false,"audioPlay":false,"sceneViewState":{"showFog":true,"showMaterialUpdate":false,"showSkybox":false,"showFlares":true,"showImageEffects":true,"showParticleSystems":true},"in2DMode":false,"pivot":{"x":3.938143253326416,"y":7.858202934265137,"z":-10.426061630249024},"rotation":{"x":-0.25957420468330386,"y":0.25326573848724368,"z":-0.07074850797653198,"w":-0.9292321801185608},"size":35.2921142578125,"orthographic":false}