{"cameraMode":{"drawMode":0,"name":"Shaded","section":"Shading Mode"},"sceneLighting":true,"audioPlay":false,"sceneViewState":{"showFog":true,"showMaterialUpdate":false,"showSkybox":true,"showFlares":true,"showImageEffects":true,"showParticleSystems":true},"in2DMode":false,"pivot":{"x":-0.8707380294799805,"y":1.585118293762207,"z":0.010622501373291016},"rotation":{"x":-0.06041230633854866,"y":0.9014980792999268,"z":-0.13376860320568086,"w":-0.40713343024253847},"size":10.344621658325196,"orthographic":false}